timeStamp,elapsed,label,responseCode,responseMessage,threadName,dataType,success,failureMessage,bytes,sentBytes,grpThreads,allThreads,URL,Latency,IdleTime,Connect
1655022775857,3519,/category,200,OK,Weighted Load Test 1-1,text,true,,18575,180,10,10,https://api-staging-builder.engineer.ai/configurations,3209,0,2762
1655022776541,2836,/category,200,OK,Weighted Load Test 1-10,text,true,,18575,180,10,10,https://api-staging-builder.engineer.ai/configurations,2593,0,2108
1655022776343,3072,/category,200,OK,Weighted Load Test 1-8,text,true,,18569,180,10,10,https://api-staging-builder.engineer.ai/configurations,2764,0,2306
1655022776146,3270,/category,200,OK,Weighted Load Test 1-6,text,true,,18569,180,10,10,https://api-staging-builder.engineer.ai/configurations,2925,0,2492
1655022776039,3401,/category,200,OK,Weighted Load Test 1-5,text,true,,18575,180,10,10,https://api-staging-builder.engineer.ai/configurations,3089,0,2603
1655022776245,3213,/category,200,OK,Weighted Load Test 1-7,text,true,,18575,180,10,10,https://api-staging-builder.engineer.ai/configurations,2877,0,2408
1655022775953,3508,/category,200,OK,Weighted Load Test 1-4,text,true,,18575,180,10,10,https://api-staging-builder.engineer.ai/configurations,3189,0,2668
1655022775858,3652,/category,200,OK,Weighted Load Test 1-2,text,true,,18575,180,10,10,https://api-staging-builder.engineer.ai/configurations,3342,0,2783
1655022775858,3684,/category,200,OK,Weighted Load Test 1-3,text,true,,18569,180,10,10,https://api-staging-builder.engineer.ai/configurations,3378,0,2764
1655022776444,3132,/category,200,OK,Weighted Load Test 1-9,text,true,,18569,180,10,10,https://api-staging-builder.engineer.ai/configurations,2812,0,2199
1655022779381,594,/personalized-ads,200,OK,Weighted Load Test 1-10,text,true,,18575,180,10,10,https://api-staging-builder.engineer.ai/configurations,359,0,0
1655022779381,595,/personalized-ads,200,OK,Weighted Load Test 1-1,text,true,,18575,180,10,10,https://api-staging-builder.engineer.ai/configurations,395,0,0
1655022779441,774,/personalized-ads,200,OK,Weighted Load Test 1-5,text,true,,18569,180,10,10,https://api-staging-builder.engineer.ai/configurations,377,0,0
1655022779417,798,/personalized-ads,200,OK,Weighted Load Test 1-8,text,true,,18575,180,10,10,https://api-staging-builder.engineer.ai/configurations,383,0,0
1655022779417,958,/personalized-ads,200,OK,Weighted Load Test 1-6,text,true,,18575,180,10,10,https://api-staging-builder.engineer.ai/configurations,506,0,0
1655022779577,800,/personalized-ads,200,OK,Weighted Load Test 1-9,text,true,,18576,180,10,10,https://api-staging-builder.engineer.ai/configurations,642,0,0
1655022779544,833,/personalized-ads,200,OK,Weighted Load Test 1-3,text,true,,18569,180,10,10,https://api-staging-builder.engineer.ai/configurations,434,0,0
1655022779462,915,/personalized-ads,200,OK,Weighted Load Test 1-4,text,true,,18575,180,10,10,https://api-staging-builder.engineer.ai/configurations,604,0,0
1655022779512,1002,/personalized-ads,200,OK,Weighted Load Test 1-2,text,true,,18569,180,10,10,https://api-staging-builder.engineer.ai/configurations,753,0,0
1655022779459,1056,/personalized-ads,200,OK,Weighted Load Test 1-7,text,true,,18569,180,10,10,https://api-staging-builder.engineer.ai/configurations,756,0,0
1655022779977,588,/histori,200,OK,Weighted Load Test 1-1,text,true,,18575,180,10,10,https://api-staging-builder.engineer.ai/configurations,402,0,0
1655022779976,686,/histori,200,OK,Weighted Load Test 1-10,text,true,,18575,180,10,10,https://api-staging-builder.engineer.ai/configurations,491,0,0
1655022780216,446,/histori,200,OK,Weighted Load Test 1-8,text,true,,18569,180,10,10,https://api-staging-builder.engineer.ai/configurations,382,0,0
1655022780219,797,/histori,200,OK,Weighted Load Test 1-5,text,true,,18575,180,10,10,https://api-staging-builder.engineer.ai/configurations,401,0,0
1655022780376,800,/histori,200,OK,Weighted Load Test 1-6,text,true,,18569,180,10,10,https://api-staging-builder.engineer.ai/configurations,487,0,0
1655022780378,984,/histori,200,OK,Weighted Load Test 1-3,text,true,,18575,180,10,10,https://api-staging-builder.engineer.ai/configurations,368,0,0
1655022780380,982,/histori,200,OK,Weighted Load Test 1-4,text,true,,18569,180,10,10,https://api-staging-builder.engineer.ai/configurations,537,0,0
1655022780380,982,/histori,200,OK,Weighted Load Test 1-9,text,true,,18569,180,10,10,https://api-staging-builder.engineer.ai/configurations,439,0,0
1655022780516,847,/histori,200,OK,Weighted Load Test 1-7,text,true,,18569,180,10,10,https://api-staging-builder.engineer.ai/configurations,695,0,0
1655022780566,849,/promo,200,OK,Weighted Load Test 1-1,text,true,,18575,180,10,10,https://api-staging-builder.engineer.ai/configurations,545,0,0
1655022780663,752,/promo,200,OK,Weighted Load Test 1-8,text,true,,18575,180,10,10,https://api-staging-builder.engineer.ai/configurations,649,0,0
1655022780663,752,/promo,200,OK,Weighted Load Test 1-10,text,true,,18569,180,10,10,https://api-staging-builder.engineer.ai/configurations,598,0,0
1655022780515,951,/histori,200,OK,Weighted Load Test 1-2,text,true,,18575,180,10,10,https://api-staging-builder.engineer.ai/configurations,507,0,0
1655022781177,477,/promo,200,OK,Weighted Load Test 1-6,text,true,,18576,180,10,10,https://api-staging-builder.engineer.ai/configurations,336,0,0
1655022781017,637,/promo,200,OK,Weighted Load Test 1-5,text,true,,18575,180,10,10,https://api-staging-builder.engineer.ai/configurations,404,0,0
1655022781363,611,/promo,200,OK,Weighted Load Test 1-4,text,true,,18575,180,10,10,https://api-staging-builder.engineer.ai/configurations,404,0,0
1655022781364,851,/promo,200,OK,Weighted Load Test 1-7,text,true,,18575,180,10,10,https://api-staging-builder.engineer.ai/configurations,351,0,0
1655022781364,851,/promo,200,OK,Weighted Load Test 1-9,text,true,,18569,180,10,10,https://api-staging-builder.engineer.ai/configurations,369,0,0
1655022781419,956,/search,200,OK,Weighted Load Test 1-10,text,true,,18575,180,10,10,https://api-staging-builder.engineer.ai/configurations,350,0,0
1655022781418,957,/search,200,OK,Weighted Load Test 1-8,text,true,,18576,180,10,10,https://api-staging-builder.engineer.ai/configurations,556,0,0
1655022781416,960,/search,200,OK,Weighted Load Test 1-1,text,true,,18575,180,10,10,https://api-staging-builder.engineer.ai/configurations,699,0,0
1655022781468,916,/promo,200,OK,Weighted Load Test 1-2,text,true,,18575,180,10,10,https://api-staging-builder.engineer.ai/configurations,698,0,0
1655022781656,757,/search,200,OK,Weighted Load Test 1-5,text,true,,18569,180,10,10,https://api-staging-builder.engineer.ai/configurations,570,0,0
1655022781656,805,/search,200,OK,Weighted Load Test 1-6,text,true,,18575,180,10,10,https://api-staging-builder.engineer.ai/configurations,614,0,0
1655022781975,486,/search,200,OK,Weighted Load Test 1-4,text,true,,18575,180,10,10,https://api-staging-builder.engineer.ai/configurations,408,0,0
1655022782379,935,/top-ads,200,OK,Weighted Load Test 1-1,text,true,,18575,180,10,10,https://api-staging-builder.engineer.ai/configurations,339,0,0
1655022782227,1087,/search,200,OK,Weighted Load Test 1-9,text,true,,18569,180,10,10,https://api-staging-builder.engineer.ai/configurations,388,0,0
1655022782379,986,/top-ads,200,OK,Weighted Load Test 1-10,text,true,,18575,180,10,10,https://api-staging-builder.engineer.ai/configurations,488,0,0
1655022782383,982,/top-ads,200,OK,Weighted Load Test 1-8,text,true,,18569,180,10,10,https://api-staging-builder.engineer.ai/configurations,590,0,0
1655022782227,1139,/search,200,OK,Weighted Load Test 1-7,text,true,,18581,180,10,10,https://api-staging-builder.engineer.ai/configurations,435,0,0
1655022781363,2006,/promo,200,OK,Weighted Load Test 1-3,text,true,,18569,180,10,10,https://api-staging-builder.engineer.ai/configurations,501,0,0
1655022782462,907,/top-ads,200,OK,Weighted Load Test 1-4,text,true,,18569,180,10,10,https://api-staging-builder.engineer.ai/configurations,606,0,0
1655022782414,955,/top-ads,200,OK,Weighted Load Test 1-5,text,true,,18575,180,10,10,https://api-staging-builder.engineer.ai/configurations,802,0,0
1655022782462,954,/top-ads,200,OK,Weighted Load Test 1-6,text,true,,18575,180,10,10,https://api-staging-builder.engineer.ai/configurations,757,0,0
1655022782386,1030,/search,200,OK,Weighted Load Test 1-2,text,true,,18575,180,10,10,https://api-staging-builder.engineer.ai/configurations,431,0,0
1655022783316,851,/top-ads,200,OK,Weighted Load Test 1-9,text,true,,18576,180,10,10,https://api-staging-builder.engineer.ai/configurations,363,0,0
1655022783369,896,/list,200,OK,Weighted Load Test 1-5,text,true,,18569,180,10,10,https://api-staging-builder.engineer.ai/configurations,497,0,0
1655022783368,949,/top-ads,200,OK,Weighted Load Test 1-7,text,true,,18575,180,10,10,https://api-staging-builder.engineer.ai/configurations,388,0,0
1655022783366,952,/list,200,OK,Weighted Load Test 1-10,text,true,,18575,180,10,10,https://api-staging-builder.engineer.ai/configurations,398,0,0
1655022783417,902,/list,200,OK,Weighted Load Test 1-6,text,true,,18575,180,10,10,https://api-staging-builder.engineer.ai/configurations,665,0,0
1655022783315,1063,/list,200,OK,Weighted Load Test 1-1,text,true,,18575,180,10,10,https://api-staging-builder.engineer.ai/configurations,386,0,0
1655022783369,1044,/list,200,OK,Weighted Load Test 1-4,text,true,,18575,180,10,10,https://api-staging-builder.engineer.ai/configurations,648,0,0
1655022783366,1047,/list,200,OK,Weighted Load Test 1-8,text,true,,18569,180,10,10,https://api-staging-builder.engineer.ai/configurations,653,0,0
1655022783418,1003,/top-ads,200,OK,Weighted Load Test 1-2,text,true,,18575,180,10,10,https://api-staging-builder.engineer.ai/configurations,749,0,0
1655022783370,1114,/search,200,OK,Weighted Load Test 1-3,text,true,,18569,180,10,10,https://api-staging-builder.engineer.ai/configurations,649,0,0
1655022784168,748,/list,200,OK,Weighted Load Test 1-9,text,true,,18569,180,10,10,https://api-staging-builder.engineer.ai/configurations,343,0,0
1655022784320,795,/product-desc,200,OK,Weighted Load Test 1-6,text,true,,18569,180,10,10,https://api-staging-builder.engineer.ai/configurations,460,0,0
1655022784320,860,/product-desc,200,OK,Weighted Load Test 1-10,text,true,,18581,180,10,10,https://api-staging-builder.engineer.ai/configurations,351,0,0
1655022784267,913,/product-desc,200,OK,Weighted Load Test 1-5,text,true,,18575,180,10,10,https://api-staging-builder.engineer.ai/configurations,410,0,0
1655022784414,900,/product-desc,200,OK,Weighted Load Test 1-4,text,true,,18569,180,10,10,https://api-staging-builder.engineer.ai/configurations,552,0,0
1655022784318,996,/list,200,OK,Weighted Load Test 1-7,text,true,,18575,180,10,10,https://api-staging-builder.engineer.ai/configurations,458,0,0
1655022784421,893,/list,200,OK,Weighted Load Test 1-2,text,true,,18575,180,10,10,https://api-staging-builder.engineer.ai/configurations,605,0,0
1655022784414,972,/product-desc,200,OK,Weighted Load Test 1-8,text,true,,18569,180,10,10,https://api-staging-builder.engineer.ai/configurations,653,0,0
1655022784379,1008,/product-desc,200,OK,Weighted Load Test 1-1,text,true,,18575,180,10,10,https://api-staging-builder.engineer.ai/configurations,538,0,0
1655022784486,990,/top-ads,200,OK,Weighted Load Test 1-3,text,true,,18569,180,10,10,https://api-staging-builder.engineer.ai/configurations,629,0,0
1655022784917,695,/product-desc,200,OK,Weighted Load Test 1-9,text,true,,18569,180,10,10,https://api-staging-builder.engineer.ai/configurations,474,0,0
1655022785181,585,/review,200,OK,Weighted Load Test 1-5,text,true,,18569,180,10,10,https://api-staging-builder.engineer.ai/configurations,397,0,0
1655022785116,801,/review,200,OK,Weighted Load Test 1-6,text,true,,18575,180,10,10,https://api-staging-builder.engineer.ai/configurations,377,0,0
1655022785318,600,/product-desc,200,OK,Weighted Load Test 1-7,text,true,,18569,180,10,10,https://api-staging-builder.engineer.ai/configurations,598,0,0
1655022785181,931,/review,200,OK,Weighted Load Test 1-10,text,true,,18575,180,10,10,https://api-staging-builder.engineer.ai/configurations,432,0,0
1655022785317,899,/product-desc,200,OK,Weighted Load Test 1-2,text,true,,18575,180,10,10,https://api-staging-builder.engineer.ai/configurations,400,0,0
1655022785388,924,/review,200,OK,Weighted Load Test 1-8,text,true,,18575,180,10,10,https://api-staging-builder.engineer.ai/configurations,526,0,0
1655022785315,998,/review,200,OK,Weighted Load Test 1-4,text,true,,18569,180,10,10,https://api-staging-builder.engineer.ai/configurations,448,0,0
1655022785613,700,/review,200,OK,Weighted Load Test 1-9,text,true,,18569,180,10,10,https://api-staging-builder.engineer.ai/configurations,454,0,0
1655022785390,924,/review,200,OK,Weighted Load Test 1-1,text,true,,18575,180,10,10,https://api-staging-builder.engineer.ai/configurations,585,0,0
1655022785478,989,/list,200,OK,Weighted Load Test 1-3,text,true,,18569,180,10,10,https://api-staging-builder.engineer.ai/configurations,534,0,0
1655022785768,797,/merchant,200,OK,Weighted Load Test 1-5,text,true,,18575,180,10,10,https://api-staging-builder.engineer.ai/configurations,502,0,0
1655022785918,647,/merchant,200,OK,Weighted Load Test 1-6,text,true,,18576,180,10,10,https://api-staging-builder.engineer.ai/configurations,498,0,0
1655022785918,699,/review,200,OK,Weighted Load Test 1-7,text,true,,18575,180,10,10,https://api-staging-builder.engineer.ai/configurations,462,0,0
1655022786113,753,/merchant,200,OK,Weighted Load Test 1-10,text,true,,18575,180,10,10,https://api-staging-builder.engineer.ai/configurations,405,0,0
1655022786316,623,/merchant,200,OK,Weighted Load Test 1-9,text,true,,18569,180,10,10,https://api-staging-builder.engineer.ai/configurations,397,0,0
1655022786315,949,/merchant,200,OK,Weighted Load Test 1-1,text,true,,18569,180,10,10,https://api-staging-builder.engineer.ai/configurations,347,0,0
1655022786218,1046,/review,200,OK,Weighted Load Test 1-2,text,true,,18575,180,10,10,https://api-staging-builder.engineer.ai/configurations,400,0,0
1655022786566,797,/recomendation,200,OK,Weighted Load Test 1-5,text,true,,18569,180,10,10,https://api-staging-builder.engineer.ai/configurations,416,0,0
1655022786314,1049,/merchant,200,OK,Weighted Load Test 1-4,text,true,,18575,180,10,10,https://api-staging-builder.engineer.ai/configurations,471,0,0
1655022786314,1101,/merchant,200,OK,Weighted Load Test 1-8,text,true,,18569,180,10,10,https://api-staging-builder.engineer.ai/configurations,503,0,0
1655022786618,799,/merchant,200,OK,Weighted Load Test 1-7,text,true,,18569,180,10,10,https://api-staging-builder.engineer.ai/configurations,596,0,0
1655022786471,992,/product-desc,200,OK,Weighted Load Test 1-3,text,true,,18575,180,10,10,https://api-staging-builder.engineer.ai/configurations,395,0,0
1655022786566,946,/recomendation,200,OK,Weighted Load Test 1-6,text,true,,18575,180,10,10,https://api-staging-builder.engineer.ai/configurations,502,0,0
1655022786867,647,/recomendation,200,OK,Weighted Load Test 1-10,text,true,,18575,180,10,10,https://api-staging-builder.engineer.ai/configurations,500,0,0
1655022786942,691,/recomendation,200,OK,Weighted Load Test 1-9,text,true,,18575,180,10,10,https://api-staging-builder.engineer.ai/configurations,475,0,0
1655022787418,958,/recomendation,200,OK,Weighted Load Test 1-7,text,true,,18569,180,10,10,https://api-staging-builder.engineer.ai/configurations,509,0,0
1655022787513,864,/checkout,200,OK,Weighted Load Test 1-6,text,true,,18569,180,10,10,https://api-staging-builder.engineer.ai/configurations,599,0,0
1655022787515,862,/checkout,200,OK,Weighted Load Test 1-10,text,true,,18581,180,10,10,https://api-staging-builder.engineer.ai/configurations,497,0,0
1655022787265,1115,/merchant,200,OK,Weighted Load Test 1-2,text,true,,18575,180,10,10,https://api-staging-builder.engineer.ai/configurations,432,0,0
1655022787364,1016,/recomendation,200,OK,Weighted Load Test 1-4,text,true,,18576,180,10,10,https://api-staging-builder.engineer.ai/configurations,456,0,0
1655022787265,1115,/recomendation,200,OK,Weighted Load Test 1-1,text,true,,18575,180,10,10,https://api-staging-builder.engineer.ai/configurations,405,0,0
1655022787416,994,/recomendation,200,OK,Weighted Load Test 1-8,text,true,,18575,180,10,10,https://api-staging-builder.engineer.ai/configurations,450,0,0
1655022787365,1045,/checkout,200,OK,Weighted Load Test 1-5,text,true,,18575,180,10,10,https://api-staging-builder.engineer.ai/configurations,456,0,0
1655022787635,802,/checkout,200,OK,Weighted Load Test 1-9,text,true,,18575,180,10,10,https://api-staging-builder.engineer.ai/configurations,676,0,0
1655022787464,974,/review,200,OK,Weighted Load Test 1-3,text,true,,18575,180,10,10,https://api-staging-builder.engineer.ai/configurations,521,0,0
1655022788379,441,/order,200,OK,Weighted Load Test 1-6,text,true,,18569,180,10,10,https://api-staging-builder.engineer.ai/configurations,361,0,0
1655022788413,655,/order,200,OK,Weighted Load Test 1-5,text,true,,18569,180,9,9,https://api-staging-builder.engineer.ai/configurations,412,0,0
1655022788382,794,/checkout,200,OK,Weighted Load Test 1-1,text,true,,18575,180,8,8,https://api-staging-builder.engineer.ai/configurations,399,0,0
1655022788413,765,/checkout,200,OK,Weighted Load Test 1-8,text,true,,18575,180,8,8,https://api-staging-builder.engineer.ai/configurations,402,0,0
1655022788382,883,/checkout,200,OK,Weighted Load Test 1-4,text,true,,18575,180,8,8,https://api-staging-builder.engineer.ai/configurations,480,0,0
1655022788379,983,/checkout,200,OK,Weighted Load Test 1-7,text,true,,18569,180,8,8,https://api-staging-builder.engineer.ai/configurations,587,0,0
1655022788382,980,/recomendation,200,OK,Weighted Load Test 1-2,text,true,,18575,180,8,8,https://api-staging-builder.engineer.ai/configurations,532,0,0
1655022788379,987,/order,200,OK,Weighted Load Test 1-10,text,true,,18575,180,8,8,https://api-staging-builder.engineer.ai/configurations,642,0,0
1655022788441,927,/order,200,OK,Weighted Load Test 1-9,text,true,,18575,180,8,8,https://api-staging-builder.engineer.ai/configurations,674,0,0
1655022788441,974,/merchant,200,OK,Weighted Load Test 1-3,text,true,,18569,180,6,6,https://api-staging-builder.engineer.ai/configurations,627,0,0
1655022789180,640,/order,200,OK,Weighted Load Test 1-8,text,true,,18575,180,6,6,https://api-staging-builder.engineer.ai/configurations,372,0,0
1655022789178,683,/order,200,OK,Weighted Load Test 1-1,text,true,,18575,180,5,5,https://api-staging-builder.engineer.ai/configurations,357,0,0
1655022789267,655,/order,200,OK,Weighted Load Test 1-4,text,true,,18569,180,4,4,https://api-staging-builder.engineer.ai/configurations,444,0,0
1655022789416,584,/recomendation,200,OK,Weighted Load Test 1-3,text,true,,18575,180,3,3,https://api-staging-builder.engineer.ai/configurations,349,0,0
1655022789378,644,/checkout,200,OK,Weighted Load Test 1-2,text,true,,18575,180,3,3,https://api-staging-builder.engineer.ai/configurations,405,0,0
1655022789370,683,/order,200,OK,Weighted Load Test 1-7,text,true,,18569,180,3,3,https://api-staging-builder.engineer.ai/configurations,399,0,0
1655022790001,452,/checkout,200,OK,Weighted Load Test 1-3,text,true,,18569,180,2,2,https://api-staging-builder.engineer.ai/configurations,356,0,0
1655022790024,432,/order,200,OK,Weighted Load Test 1-2,text,true,,18575,180,2,2,https://api-staging-builder.engineer.ai/configurations,351,0,0
1655022790466,505,/order,200,OK,Weighted Load Test 1-3,text,true,,18575,180,1,1,https://api-staging-builder.engineer.ai/configurations,355,0,0
